{
  "阪神": {
    "league": "CL",
    "p_pennant": 0.4748,
    "p_cs": 0.8743,
    "median_wins": 91.51687064849469,
    "mean_wins": 91.56711946772457,
    "wins_80ci": [
      86.01996420205852,
      97.25943593137768
    ]
  },
  "広島": {
    "league": "CL",
    "p_pennant": 0.1573,
    "p_cs": 0.6414,
    "median_wins": 88.1674607539415,
    "mean_wins": 88.22185671903708,
    "wins_80ci": [
      83.06551338234588,
      93.35831846744077
    ]
  },
  "DeNA": {
    "league": "CL",
    "p_pennant": 0.0062,
    "p_cs": 0.0957,
    "median_wins": 81.90710424739649,
    "mean_wins": 81.98789734357034,
    "wins_80ci": [
      77.14395325474885,
      86.8832990812066
    ]
  },
  "巨人": {
    "league": "CL",
    "p_pennant": 0.231,
    "p_cs": 0.7723,
    "median_wins": 89.43267360637324,
    "mean_wins": 89.46385459297142,
    "wins_80ci": [
      84.7556739654126,
      94.20125857932565
    ]
  },
  "中日": {
    "league": "CL",
    "p_pennant": 0.1306,
    "p_cs": 0.6153,
    "median_wins": 87.895005578483,
    "mean_wins": 87.93006501825485,
    "wins_80ci": [
      82.99904554684515,
      92.87923570868976
    ]
  },
  "ヤクルト": {
    "league": "CL",
    "p_pennant": 0.0001,
    "p_cs": 0.001,
    "median_wins": 74.34628028542357,
    "mean_wins": 74.42096225212656,
    "wins_80ci": [
      70.13754171250478,
      78.80255749242988
    ]
  },
  "ソフトバンク": {
    "league": "PL",
    "p_pennant": 0.0411,
    "p_cs": 0.5274,
    "median_wins": 86.29432524234647,
    "mean_wins": 86.32800610963217,
    "wins_80ci": [
      81.06329440828776,
      91.57409337256745
    ]
  },
  "日本ハム": {
    "league": "PL",
    "p_pennant": 0.1894,
    "p_cs": 0.8698,
    "median_wins": 90.29709013446976,
    "mean_wins": 90.30827069236575,
    "wins_80ci": [
      85.16920844606328,
      95.45168849589167
    ]
  },
  "楽天": {
    "league": "PL",
    "p_pennant": 0.0015,
    "p_cs": 0.0943,
    "median_wins": 81.6860270857427,
    "mean_wins": 81.7247891112556,
    "wins_80ci": [
      77.35243368649249,
      86.13773372888895
    ]
  },
  "オリックス": {
    "league": "PL",
    "p_pennant": 0.0093,
    "p_cs": 0.246,
    "median_wins": 83.66135846034751,
    "mean_wins": 83.70817891894302,
    "wins_80ci": [
      78.78804505044972,
      88.7205053002005
    ]
  },
  "ロッテ": {
    "league": "PL",
    "p_pennant": 0.0079,
    "p_cs": 0.2725,
    "median_wins": 84.26285744705311,
    "mean_wins": 84.22395869165324,
    "wins_80ci": [
      79.68899701526018,
      88.71077087561324
    ]
  },
  "西武": {
    "league": "PL",
    "p_pennant": 0.7508,
    "p_cs": 0.99,
    "median_wins": 94.75997337391645,
    "mean_wins": 94.74054861457192,
    "wins_80ci": [
      90.07993832902119,
      99.36948860097426
    ]
  }
}