{
  "阪神": {
    "league": "CL",
    "p_pennant": 0.7816,
    "p_cs": 0.9783,
    "median_wins": 80.67195575741006,
    "mean_wins": 80.74099901769583,
    "wins_80ci": [
      75.10432112462871,
      86.54531710305554
    ]
  },
  "広島": {
    "league": "CL",
    "p_pennant": 0.0326,
    "p_cs": 0.3815,
    "median_wins": 70.5083510675461,
    "mean_wins": 70.57996657820534,
    "wins_80ci": [
      65.49112267733442,
      75.70915932625616
    ]
  },
  "DeNA": {
    "league": "CL",
    "p_pennant": 0.0406,
    "p_cs": 0.5239,
    "median_wins": 71.80984770394416,
    "mean_wins": 71.89086589430948,
    "wins_80ci": [
      67.14146946313004,
      76.69210081626812
    ]
  },
  "巨人": {
    "league": "CL",
    "p_pennant": 0.1265,
    "p_cs": 0.7841,
    "median_wins": 74.46603258573637,
    "mean_wins": 74.56169155385048,
    "wins_80ci": [
      69.7241522318924,
      79.44850830300842
    ]
  },
  "中日": {
    "league": "CL",
    "p_pennant": 0.0185,
    "p_cs": 0.3077,
    "median_wins": 69.80264711999553,
    "mean_wins": 69.89366437378459,
    "wins_80ci": [
      64.98555095140523,
      74.95226151546726
    ]
  },
  "ヤクルト": {
    "league": "CL",
    "p_pennant": 0.0002,
    "p_cs": 0.0245,
    "median_wins": 64.27529646929838,
    "mean_wins": 64.38221657178923,
    "wins_80ci": [
      60.29195843585315,
      68.58076300420673
    ]
  },
  "ソフトバンク": {
    "league": "PL",
    "p_pennant": 0.5516,
    "p_cs": 0.9376,
    "median_wins": 77.59666684168192,
    "mean_wins": 77.63041745900648,
    "wins_80ci": [
      72.3687073189244,
      82.87905514993656
    ]
  },
  "日本ハム": {
    "league": "PL",
    "p_pennant": 0.2377,
    "p_cs": 0.815,
    "median_wins": 74.75113530152669,
    "mean_wins": 74.81755350383439,
    "wins_80ci": [
      69.61517696672146,
      80.14257880915686
    ]
  },
  "楽天": {
    "league": "PL",
    "p_pennant": 0.0019,
    "p_cs": 0.0415,
    "median_wins": 65.23672713310899,
    "mean_wins": 65.33704812525939,
    "wins_80ci": [
      61.04972431613885,
      69.67943425576719
    ]
  },
  "オリックス": {
    "league": "PL",
    "p_pennant": 0.1539,
    "p_cs": 0.74,
    "median_wins": 73.58934581045425,
    "mean_wins": 73.65652303016579,
    "wins_80ci": [
      68.76907058060249,
      78.61111136944507
    ]
  },
  "ロッテ": {
    "league": "PL",
    "p_pennant": 0.0031,
    "p_cs": 0.0676,
    "median_wins": 66.05883147617924,
    "mean_wins": 66.09541791243083,
    "wins_80ci": [
      61.694983927300335,
      70.52314452014367
    ]
  },
  "西武": {
    "league": "PL",
    "p_pennant": 0.0518,
    "p_cs": 0.3983,
    "median_wins": 70.57140092550586,
    "mean_wins": 70.6623751219968,
    "wins_80ci": [
      65.72969445149943,
      75.6420431560951
    ]
  }
}