{
  "version": "v3b",
  "generated": "2026-03-08T01:16:17.173437",
  "league_index": {
    "MLB": 1,
    "AAA": 2,
    "Other": 3
  },
  "hitter": {
    "params": {
      "alpha_MLB": {
        "mean": 0.2963443587325,
        "sd": 0.026553461959861677
      },
      "beta_woba_MLB": {
        "mean": 0.0805602516368072,
        "sd": 0.0946479211147629
      },
      "alpha_AAA": {
        "mean": 0.2949615098125,
        "sd": 0.02920531464907877
      },
      "beta_woba_AAA": {
        "mean": 0.1035273735122235,
        "sd": 0.10665842169080343
      },
      "alpha_Other": {
        "mean": 0.29943005268,
        "sd": 0.027508166545505818
      },
      "beta_woba_Other": {
        "mean": 0.13153282588602802,
        "sd": 0.12685084043129918
      },
      "alpha_mu": {
        "mean": 0.29784595099750005,
        "sd": 0.02656963148746976
      },
      "alpha_sigma": {
        "mean": 0.01784256176745387,
        "sd": 0.01897617278787551
      },
      "beta_woba_mu": {
        "mean": 0.1177705804883705,
        "sd": 0.10673228063395025
      },
      "beta_woba_sigma": {
        "mean": 0.07995884938523108,
        "sd": 0.07666814616804982
      },
      "beta_K": {
        "mean": 0.00512855198966925,
        "sd": 0.005508405092055179
      },
      "beta_BB": {
        "mean": -0.0038655820543451,
        "sd": 0.005742275019838503
      },
      "beta_K_BB": {
        "mean": 0.01452838976166,
        "sd": 0.005447112829515252
      },
      "beta_age": {
        "mean": -0.0033141224799443,
        "sd": 0.004782610420052157
      },
      "beta_catcher": {
        "mean": 0.0004988143858301251,
        "sd": 0.0302917096406052
      },
      "beta_middle_inf": {
        "mean": -0.004053060444637708,
        "sd": 0.014342104300277195
      },
      "beta_second_year": {
        "mean": 0.010608836326843575,
        "sd": 0.008899826740504857
      },
      "sigma_base": {
        "mean": 0.053462036594249994,
        "sd": 0.0034401207451533605
      },
      "gamma_pa": {
        "mean": -0.13214242974732002,
        "sd": 0.06288686250532736
      }
    },
    "standardization": {
      "K_mean": 26.710077519379844,
      "K_sd": 8.984179419343315,
      "BB_mean": 6.24031007751938,
      "BB_sd": 3.2852387587969227,
      "age_mean": 1.3816648891860202,
      "age_sd": 2.262443417109552,
      "log_pa_mean": 4.833549492040172,
      "log_pa_sd": 0.7982409477855512
    }
  },
  "pitcher": {
    "params": {
      "alpha_K_MLB": {
        "mean": 3.81856334635,
        "sd": 0.4313633811398382
      },
      "beta_K_MLB": {
        "mean": -0.06686367994472499,
        "sd": 0.01894886860923753
      },
      "alpha_BB_MLB": {
        "mean": 0.30124123398840996,
        "sd": 0.44444928186752286
      },
      "beta_BB_MLB": {
        "mean": 0.057154918982717504,
        "sd": 0.02631040564161726
      },
      "alpha_K_AAA": {
        "mean": 3.74821930975,
        "sd": 0.46040978864219584
      },
      "beta_K_AAA": {
        "mean": -0.06305424123914101,
        "sd": 0.027914221183725184
      },
      "alpha_BB_AAA": {
        "mean": 0.23067065805328368,
        "sd": 0.4561842860674229
      },
      "beta_BB_AAA": {
        "mean": 0.026282488987674,
        "sd": 0.05152685087413876
      },
      "alpha_K_Other": {
        "mean": 3.7923893832999997,
        "sd": 0.4541865887450671
      },
      "beta_K_Other": {
        "mean": -0.04059610506922707,
        "sd": 0.03344183218083114
      },
      "alpha_BB_Other": {
        "mean": 0.27102094202752497,
        "sd": 0.44991251939796006
      },
      "beta_BB_Other": {
        "mean": 0.06960005767402624,
        "sd": 0.05326178424842545
      },
      "alpha_K_mu": {
        "mean": 3.7683197815250002,
        "sd": 0.40341502744450103
      },
      "alpha_K_sigma": {
        "mean": 0.17921881145242827,
        "sd": 0.1718147844808005
      },
      "beta_K_mu": {
        "mean": -0.055862168233745,
        "sd": 0.021596592127769886
      },
      "beta_K_sigma": {
        "mean": 0.03295393067914142,
        "sd": 0.030107108822977274
      },
      "alpha_BB_mu": {
        "mean": 0.24935333550962746,
        "sd": 0.404528156784453
      },
      "alpha_BB_sigma": {
        "mean": 0.17981739881245248,
        "sd": 0.17334122331345206
      },
      "beta_BB_mu": {
        "mean": 0.0596717948048955,
        "sd": 0.03406069444359354
      },
      "beta_BB_sigma": {
        "mean": 0.051063611803212,
        "sd": 0.04729745993804351
      },
      "beta_fip": {
        "mean": -0.13287535249929003,
        "sd": 0.10345899762759934
      },
      "beta_K_BB": {
        "mean": -0.06214553217485424,
        "sd": 0.07434866946446345
      },
      "beta_age": {
        "mean": 0.010657643963858,
        "sd": 0.09169672028550911
      },
      "beta_reliever": {
        "mean": -0.005011532954941249,
        "sd": 0.17215195615564557
      },
      "beta_second_year": {
        "mean": -0.05345240943066,
        "sd": 0.15258298924378036
      },
      "sigma_base": {
        "mean": 1.367471998375,
        "sd": 0.07722364771464608
      },
      "gamma_ip": {
        "mean": 0.14973912975149,
        "sd": 0.05569875105376795
      }
    },
    "standardization": {
      "fip_mean": 5.222955974842767,
      "fip_sd": 1.4514584092508667,
      "K_mean": 19.187730061349694,
      "K_sd": 4.7223885633314895,
      "BB_mean": 9.690184049079754,
      "BB_sd": 3.513064394302868,
      "age_mean": 1.1443838366023777,
      "age_sd": 2.4950615436501336,
      "log_ip_mean": 3.3894832732719196,
      "log_ip_sd": 0.6043696477917875
    }
  }
}