{
  "version": "v5",
  "generated": "2026-03-08T08:24:02.134862",
  "league_index": {
    "MLB": 1,
    "AAA": 2,
    "Other": 3
  },
  "hitter": {
    "params": {
      "beta_woba_MLB": {
        "mean": 4.701161404397498e-05,
        "sd": 0.005958440813403009
      },
      "beta_woba_AAA": {
        "mean": 0.0141810791264915,
        "sd": 0.01469576089028257
      },
      "beta_woba_Other": {
        "mean": 0.0036544070499469495,
        "sd": 0.02026997956445838
      },
      "alpha_gate_MLB": {
        "mean": -2.7192957534449995,
        "sd": 0.6347948558588107
      },
      "alpha_gate_AAA": {
        "mean": -2.659919667913825,
        "sd": 0.7992450174246236
      },
      "alpha_gate_Other": {
        "mean": -2.1387118404205,
        "sd": 0.9124665438549695
      },
      "beta_K": {
        "mean": 0.005718367666621951,
        "sd": 0.005376981689405904
      },
      "beta_BB": {
        "mean": -0.003313031251189155,
        "sd": 0.005598666845578831
      },
      "beta_woba_sq": {
        "mean": 0.006029325156070525,
        "sd": 0.0029682783932777138
      },
      "beta_K_BB": {
        "mean": 0.01404235614526525,
        "sd": 0.00587467961716625
      },
      "beta_age": {
        "mean": -0.002329861937750125,
        "sd": 0.004624401343220363
      },
      "beta_catcher": {
        "mean": 0.000134853307177675,
        "sd": 0.030448051985212162
      },
      "beta_middle_inf": {
        "mean": -0.00016431910118347505,
        "sd": 0.015140520453912707
      },
      "beta_second_year": {
        "mean": 0.010949591399314824,
        "sd": 0.008091997195808298
      },
      "sigma_base": {
        "mean": 0.043600016784750006,
        "sd": 0.0038576138090657508
      },
      "gamma_pa": {
        "mean": -0.0830209790727675,
        "sd": 0.0837146888001692
      },
      "nu": {
        "mean": 24.841810561824996,
        "sd": 14.235008563894164
      },
      "beta_gate_career": {
        "mean": -0.21390066404759103,
        "sd": 0.26868716142506655
      },
      "beta_gate_pa": {
        "mean": -0.20282185429468574,
        "sd": 0.2756451959299027
      },
      "beta_gate_bb": {
        "mean": -0.19014165600056698,
        "sd": 0.2600509390164132
      },
      "beta_gate_team": {
        "mean": 0.576343638999625,
        "sd": 0.37648759274656823
      },
      "mu_bust": {
        "mean": 0.22838587358249998,
        "sd": 0.028439164084088232
      },
      "sigma_bust": {
        "mean": 0.06168862282145,
        "sd": 0.02834286039627472
      }
    },
    "standardization": {
      "woba_mean": 0.2642248062015504,
      "woba_sd": 0.04976662439860884,
      "K_mean": 26.710077519379844,
      "K_sd": 8.984179419343315,
      "BB_mean": 6.24031007751938,
      "BB_sd": 3.2852387587969227,
      "age_mean": 1.3816648891860202,
      "age_sd": 2.262443417109552,
      "log_pa_mean": 4.833549492040172,
      "log_pa_sd": 0.7982409477855512,
      "log_career_pa_mean": 6.273810269417217,
      "log_career_pa_sd": 1.5574724895580303,
      "team_bust_mean": 0.16385873805653142,
      "team_bust_sd": 0.07420656325935933
    }
  },
  "pitcher": {
    "params": {
      "beta_era_MLB": {
        "mean": 0.12364616059038175,
        "sd": 0.14658250340985327
      },
      "beta_era_AAA": {
        "mean": -0.1974197250108025,
        "sd": 0.22181329093450616
      },
      "beta_era_Other": {
        "mean": -0.12432591333962105,
        "sd": 0.4165722764821722
      },
      "alpha_gate_MLB": {
        "mean": -1.8085562763144998,
        "sd": 0.5712608779827772
      },
      "alpha_gate_AAA": {
        "mean": -2.12459963311665,
        "sd": 0.7628039059710808
      },
      "alpha_gate_Other": {
        "mean": -1.4938179332505401,
        "sd": 0.8397527313935595
      },
      "beta_fip": {
        "mean": -0.13228119704422725,
        "sd": 0.14529119089283105
      },
      "beta_K": {
        "mean": -0.19635519988858874,
        "sd": 0.10140840045468844
      },
      "beta_BB": {
        "mean": 0.17231702980132002,
        "sd": 0.10724745983143699
      },
      "beta_era_sq": {
        "mean": 0.000265334984347,
        "sd": 0.049099050043010115
      },
      "beta_K_BB": {
        "mean": -0.08839534219890825,
        "sd": 0.0737909375850584
      },
      "beta_age": {
        "mean": 0.06847048325422125,
        "sd": 0.08178430850189075
      },
      "beta_reliever": {
        "mean": -0.30226939062011504,
        "sd": 0.15797740923178755
      },
      "beta_second_year": {
        "mean": -0.11099724149797023,
        "sd": 0.14775631185486326
      },
      "sigma_base": {
        "mean": 0.9434768627975,
        "sd": 0.0903953569826286
      },
      "gamma_ip": {
        "mean": 0.06522884369098199,
        "sd": 0.09138026140115274
      },
      "nu": {
        "mean": 24.351073494050002,
        "sd": 14.161261090532472
      },
      "beta_gate_career": {
        "mean": -0.5557268566161601,
        "sd": 0.24745019331754253
      },
      "beta_gate_ip": {
        "mean": -0.034312571782412496,
        "sd": 0.2475097714658196
      },
      "beta_gate_k": {
        "mean": -0.3623770259496025,
        "sd": 0.25557996091046786
      },
      "beta_gate_team": {
        "mean": 0.5028118495756475,
        "sd": 0.30377037653586575
      },
      "mu_bust": {
        "mean": 5.146804061975,
        "sd": 0.5477166474393589
      },
      "sigma_bust": {
        "mean": 1.8109102720749999,
        "sd": 0.38600601551043584
      }
    },
    "standardization": {
      "era_mean": 5.946540880503145,
      "era_sd": 2.163107474547206,
      "fip_mean": 5.222955974842767,
      "fip_sd": 1.4514584092508667,
      "K_mean": 19.221383647798742,
      "K_sd": 4.735326422171176,
      "BB_mean": 9.757861635220127,
      "BB_sd": 3.5226202305998426,
      "age_mean": 1.2011803752921881,
      "age_sd": 2.4685670565090634,
      "log_ip_mean": 3.376337619632769,
      "log_ip_sd": 0.6061433284691448,
      "log_career_ip_mean": 4.688721487903375,
      "log_career_ip_sd": 1.0837785211683724,
      "team_bust_mean": 0.16554391357327708,
      "team_bust_sd": 0.07468569935722642
    }
  }
}