{
  "version": "v3b",
  "generated": "2026-03-07T23:56:55.979422",
  "league_index": {
    "MLB": 1,
    "AAA": 2,
    "Other": 3
  },
  "hitter": {
    "params": {
      "alpha_MLB": {
        "mean": 0.29687501590125,
        "sd": 0.02579784537535429
      },
      "beta_woba_MLB": {
        "mean": 0.07733248009534012,
        "sd": 0.0924037886415748
      },
      "alpha_AAA": {
        "mean": 0.294571419255,
        "sd": 0.028615291066337235
      },
      "beta_woba_AAA": {
        "mean": 0.10256891949538625,
        "sd": 0.10714330597102191
      },
      "alpha_Other": {
        "mean": 0.30035264459250005,
        "sd": 0.027646100591905257
      },
      "beta_woba_Other": {
        "mean": 0.13360248997499174,
        "sd": 0.1308565671802736
      },
      "alpha_mu": {
        "mean": 0.29855540809125,
        "sd": 0.02593632942012755
      },
      "alpha_sigma": {
        "mean": 0.020094533421424997,
        "sd": 0.02034374432092334
      },
      "beta_woba_mu": {
        "mean": 0.11758898237105937,
        "sd": 0.11054097168499494
      },
      "beta_woba_sigma": {
        "mean": 0.0868231311339125,
        "sd": 0.0903421011114536
      },
      "beta_K": {
        "mean": 0.005043016384941312,
        "sd": 0.0053410637287841095
      },
      "beta_BB": {
        "mean": -0.003972239730228548,
        "sd": 0.0057369880536511115
      },
      "beta_K_BB": {
        "mean": 0.014814297094113136,
        "sd": 0.005506311916951029
      },
      "beta_age": {
        "mean": -0.00330464430951835,
        "sd": 0.004632334948022677
      },
      "beta_catcher": {
        "mean": 0.0011236562750472127,
        "sd": 0.028890531243981984
      },
      "beta_middle_inf": {
        "mean": -0.004989287090026112,
        "sd": 0.01419245595785509
      },
      "beta_second_year": {
        "mean": 0.0106018773468422,
        "sd": 0.00897716459572919
      },
      "sigma_base": {
        "mean": 0.0531526561785,
        "sd": 0.003329770884938431
      },
      "gamma_pa": {
        "mean": -0.13325167192201987,
        "sd": 0.06233311270229941
      }
    },
    "standardization": {
      "K_mean": 26.710077519379844,
      "K_sd": 8.984179419343315,
      "BB_mean": 6.24031007751938,
      "BB_sd": 3.2852387587969227,
      "age_mean": 1.3816648891860202,
      "age_sd": 2.262443417109552,
      "log_pa_mean": 4.833549492040172,
      "log_pa_sd": 0.7982409477855512
    }
  },
  "pitcher": {
    "params": {
      "alpha_K_MLB": {
        "mean": 3.7883570347499997,
        "sd": 0.43535607882786487
      },
      "beta_K_MLB": {
        "mean": -0.0672830563828125,
        "sd": 0.017019864149800865
      },
      "alpha_BB_MLB": {
        "mean": 0.3433647089893522,
        "sd": 0.4730427452115482
      },
      "beta_BB_MLB": {
        "mean": 0.056271244651485,
        "sd": 0.026935111396865268
      },
      "alpha_K_AAA": {
        "mean": 3.7164658328925,
        "sd": 0.4608493239313074
      },
      "beta_K_AAA": {
        "mean": -0.06171081295431037,
        "sd": 0.02796250562368957
      },
      "alpha_BB_AAA": {
        "mean": 0.25732948398468203,
        "sd": 0.4756597783292
      },
      "beta_BB_AAA": {
        "mean": 0.024912483702667115,
        "sd": 0.05122794168923977
      },
      "alpha_K_Other": {
        "mean": 3.7514802276375003,
        "sd": 0.4478102396284237
      },
      "beta_K_Other": {
        "mean": -0.03744213635581309,
        "sd": 0.03434556216946499
      },
      "alpha_BB_Other": {
        "mean": 0.29879726989447636,
        "sd": 0.47546059598138557
      },
      "beta_BB_Other": {
        "mean": 0.06707492366314712,
        "sd": 0.052241465006139104
      },
      "alpha_K_mu": {
        "mean": 3.7320212947374993,
        "sd": 0.40508056005699733
      },
      "alpha_K_sigma": {
        "mean": 0.18406676460412502,
        "sd": 0.16116378960607639
      },
      "beta_K_mu": {
        "mean": -0.05540353777157287,
        "sd": 0.020921841501667027
      },
      "beta_K_sigma": {
        "mean": 0.03648996777335375,
        "sd": 0.03329983638866588
      },
      "alpha_BB_mu": {
        "mean": 0.28725731007065325,
        "sd": 0.4351969861774602
      },
      "alpha_BB_sigma": {
        "mean": 0.18560620117325,
        "sd": 0.16711800523706247
      },
      "beta_BB_mu": {
        "mean": 0.056745788699467246,
        "sd": 0.034538561575257386
      },
      "beta_BB_sigma": {
        "mean": 0.04991951085952501,
        "sd": 0.04955521999047884
      },
      "beta_fip": {
        "mean": -0.13075106105570825,
        "sd": 0.10349222261750889
      },
      "beta_K_BB": {
        "mean": -0.05946204492028862,
        "sd": 0.07332374764778954
      },
      "beta_age": {
        "mean": 0.007527837634768875,
        "sd": 0.09091405218405976
      },
      "beta_reliever": {
        "mean": 0.0006769383358434764,
        "sd": 0.17778907207812686
      },
      "beta_second_year": {
        "mean": -0.06128472026920912,
        "sd": 0.15134906153600772
      },
      "sigma_base": {
        "mean": 1.3686850866875002,
        "sd": 0.07828003255372039
      },
      "gamma_ip": {
        "mean": 0.146160436792245,
        "sd": 0.05897924698459087
      }
    },
    "standardization": {
      "fip_mean": 5.222955974842767,
      "fip_sd": 1.4514584092508667,
      "K_mean": 19.187730061349694,
      "K_sd": 4.7223885633314895,
      "BB_mean": 9.690184049079754,
      "BB_sd": 3.513064394302868,
      "age_mean": 1.1443838366023777,
      "age_sd": 2.4950615436501336,
      "log_ip_mean": 3.3894832732719196,
      "log_ip_sd": 0.6043696477917875
    }
  }
}