{
  "version": "v2",
  "generated": "2026-03-07T08:16:42.665952",
  "league_index": {
    "MLB": 1,
    "AAA": 2,
    "Other": 3
  },
  "hitter": {
    "params": {
      "beta_woba_MLB": {
        "mean": -0.000278174357572075,
        "sd": 0.006195998219664462
      },
      "beta_woba_AAA": {
        "mean": 0.01288697104807033,
        "sd": 0.014253649664855986
      },
      "beta_woba_Other": {
        "mean": 0.008327218563784749,
        "sd": 0.013665068016444022
      },
      "beta_K": {
        "mean": 0.005396826901806525,
        "sd": 0.005261533790299558
      },
      "beta_BB": {
        "mean": -0.0011454622406087073,
        "sd": 0.0053610454730201665
      },
      "beta_woba_sq": {
        "mean": 0.005699305835875625,
        "sd": 0.00323378312031594
      },
      "beta_K_BB": {
        "mean": 0.011106952810965999,
        "sd": 0.005235690904357424
      },
      "beta_age": {
        "mean": -0.001991673119319625,
        "sd": 0.004539943787419009
      },
      "beta_catcher": {
        "mean": -0.00044568193828825,
        "sd": 0.030231001091861314
      },
      "beta_middle_inf": {
        "mean": -0.0028383673046198997,
        "sd": 0.013751171723356569
      },
      "beta_second_year": {
        "mean": 0.00971308163364725,
        "sd": 0.008306289173319019
      },
      "sigma_base": {
        "mean": 0.050955592691,
        "sd": 0.0033425204242519993
      },
      "gamma_pa": {
        "mean": -0.1105364696709775,
        "sd": 0.06613763975873867
      }
    },
    "standardization": {
      "woba_mean": 0.2642248062015504,
      "woba_sd": 0.04976662439860884,
      "K_mean": 26.710077519379844,
      "K_sd": 8.984179419343315,
      "BB_mean": 6.24031007751938,
      "BB_sd": 3.2852387587969227,
      "age_mean": 1.3816648891860202,
      "age_sd": 2.262443417109552,
      "log_pa_mean": 4.833549492040172,
      "log_pa_sd": 0.7982409477855512
    }
  },
  "pitcher": {
    "params": {
      "beta_era_MLB": {
        "mean": 0.03118438838288875,
        "sd": 0.1375650335646327
      },
      "beta_era_AAA": {
        "mean": -0.18961178278440002,
        "sd": 0.22586868036124327
      },
      "beta_era_Other": {
        "mean": -0.45524045027999327,
        "sd": 0.40567985460065425
      },
      "beta_fip": {
        "mean": -0.16214540461023394,
        "sd": 0.12719215364614656
      },
      "beta_K": {
        "mean": -0.28394839050765,
        "sd": 0.09831036535153295
      },
      "beta_BB": {
        "mean": 0.15039821073722748,
        "sd": 0.0995784469553148
      },
      "beta_era_sq": {
        "mean": 0.00818183432989375,
        "sd": 0.05027079502211922
      },
      "beta_K_BB": {
        "mean": -0.06418484348617776,
        "sd": 0.07199776303277915
      },
      "beta_age": {
        "mean": -0.0030034904221027505,
        "sd": 0.08629290001570115
      },
      "beta_reliever": {
        "mean": 0.1016236154491766,
        "sd": 0.14303139983216515
      },
      "beta_second_year": {
        "mean": -0.011077490820377999,
        "sd": 0.14032332616709714
      },
      "sigma_base": {
        "mean": 1.3075798299999999,
        "sd": 0.07858520810246013
      },
      "gamma_ip": {
        "mean": 0.17677825030907499,
        "sd": 0.05912586478945386
      }
    },
    "standardization": {
      "era_mean": 5.946540880503145,
      "era_sd": 2.163107474547206,
      "fip_mean": 5.222955974842767,
      "fip_sd": 1.4514584092508667,
      "K_mean": 19.221383647798742,
      "K_sd": 4.735326422171176,
      "BB_mean": 9.757861635220127,
      "BB_sd": 3.5226202305998426,
      "age_mean": 1.2011803752921881,
      "age_sd": 2.4685670565090634,
      "log_ip_mean": 3.376337619632769,
      "log_ip_sd": 0.6061433284691448
    }
  }
}