{
  "version": "v4a",
  "generated": "2026-03-08T06:29:36.060678",
  "league_index": {
    "MLB": 1,
    "AAA": 2,
    "Other": 3
  },
  "hitter": {
    "params": {
      "beta_woba_MLB": {
        "mean": -0.00044714047452165,
        "sd": 0.006044676919764073
      },
      "beta_woba_AAA": {
        "mean": 0.012804726798144912,
        "sd": 0.01364515394779076
      },
      "beta_woba_Other": {
        "mean": 0.009827856178453252,
        "sd": 0.01355047452040163
      },
      "beta_K": {
        "mean": 0.005756356021220857,
        "sd": 0.00511491857144382
      },
      "beta_BB": {
        "mean": -0.001659057222273025,
        "sd": 0.005518247270106974
      },
      "beta_woba_sq": {
        "mean": 0.00569894301306975,
        "sd": 0.003123893091004901
      },
      "beta_K_BB": {
        "mean": 0.011369590682852,
        "sd": 0.005367480683810421
      },
      "beta_age": {
        "mean": -0.0017243555070839997,
        "sd": 0.004496038993594719
      },
      "beta_catcher": {
        "mean": 0.0011670678964175749,
        "sd": 0.029345997869945177
      },
      "beta_middle_inf": {
        "mean": -0.001021845316217,
        "sd": 0.01370492843934054
      },
      "beta_second_year": {
        "mean": 0.010152674723275705,
        "sd": 0.008107771661689253
      },
      "sigma_base": {
        "mean": 0.047834290228,
        "sd": 0.003735180755637991
      },
      "gamma_pa": {
        "mean": -0.11220596410966001,
        "sd": 0.06892741589933463
      },
      "nu": {
        "mean": 22.382944001875,
        "sd": 13.511148726153957
      }
    },
    "standardization": {
      "woba_mean": 0.2642248062015504,
      "woba_sd": 0.04976662439860884,
      "K_mean": 26.710077519379844,
      "K_sd": 8.984179419343315,
      "BB_mean": 6.24031007751938,
      "BB_sd": 3.2852387587969227,
      "age_mean": 1.3816648891860202,
      "age_sd": 2.262443417109552,
      "log_pa_mean": 4.833549492040172,
      "log_pa_sd": 0.7982409477855512
    }
  },
  "pitcher": {
    "params": {
      "beta_era_MLB": {
        "mean": 0.06266815761866025,
        "sd": 0.1380533599652149
      },
      "beta_era_AAA": {
        "mean": -0.19114875708141124,
        "sd": 0.21637081723663326
      },
      "beta_era_Other": {
        "mean": -0.3456643234271025,
        "sd": 0.41856889902251343
      },
      "beta_fip": {
        "mean": -0.15524532968470925,
        "sd": 0.13188048588293103
      },
      "beta_K": {
        "mean": -0.272869426311475,
        "sd": 0.09357463181331696
      },
      "beta_BB": {
        "mean": 0.16103252589637998,
        "sd": 0.09761693941519294
      },
      "beta_era_sq": {
        "mean": 0.01164957320397,
        "sd": 0.051015281090957564
      },
      "beta_K_BB": {
        "mean": -0.0827021889615865,
        "sd": 0.0739401342955726
      },
      "beta_age": {
        "mean": 0.01300883201172675,
        "sd": 0.08405545526712617
      },
      "beta_reliever": {
        "mean": 0.01137523620266525,
        "sd": 0.14907055791184906
      },
      "beta_second_year": {
        "mean": -0.02508270208295575,
        "sd": 0.14122219343111617
      },
      "sigma_base": {
        "mean": 1.1484951887150001,
        "sd": 0.1037272928114429
      },
      "gamma_ip": {
        "mean": 0.1263594125114575,
        "sd": 0.07227848759947476
      },
      "nu": {
        "mean": 12.62728516835,
        "sd": 9.178981657524162
      }
    },
    "standardization": {
      "era_mean": 5.946540880503145,
      "era_sd": 2.163107474547206,
      "fip_mean": 5.222955974842767,
      "fip_sd": 1.4514584092508667,
      "K_mean": 19.221383647798742,
      "K_sd": 4.735326422171176,
      "BB_mean": 9.757861635220127,
      "BB_sd": 3.5226202305998426,
      "age_mean": 1.2011803752921881,
      "age_sd": 2.4685670565090634,
      "log_ip_mean": 3.376337619632769,
      "log_ip_sd": 0.6061433284691448
    }
  }
}