{
  "version": "v3b",
  "generated": "2026-03-08T00:04:34.981281",
  "league_index": {
    "MLB": 1,
    "AAA": 2,
    "Other": 3
  },
  "hitter": {
    "params": {
      "alpha_MLB": {
        "mean": 0.29773245456749997,
        "sd": 0.025824917834318277
      },
      "beta_woba_MLB": {
        "mean": 0.07606305687940737,
        "sd": 0.09277946833575434
      },
      "alpha_AAA": {
        "mean": 0.2941484403525,
        "sd": 0.02895678356547399
      },
      "beta_woba_AAA": {
        "mean": 0.10620557997936225,
        "sd": 0.10880933364118561
      },
      "alpha_Other": {
        "mean": 0.29912363155125,
        "sd": 0.027604117029353094
      },
      "beta_woba_Other": {
        "mean": 0.13655394612221763,
        "sd": 0.13384224993478128
      },
      "alpha_mu": {
        "mean": 0.29751596818500003,
        "sd": 0.026758088758713203
      },
      "alpha_sigma": {
        "mean": 0.018598759240987178,
        "sd": 0.01879284558294932
      },
      "beta_woba_mu": {
        "mean": 0.12097449142379761,
        "sd": 0.11634727921836666
      },
      "beta_woba_sigma": {
        "mean": 0.08360723411830026,
        "sd": 0.08015954662960766
      },
      "beta_K": {
        "mean": 0.005073192663890999,
        "sd": 0.005673159693816162
      },
      "beta_BB": {
        "mean": -0.0039607111321859,
        "sd": 0.005586247773186472
      },
      "beta_K_BB": {
        "mean": 0.014426745743646375,
        "sd": 0.005371788211409961
      },
      "beta_age": {
        "mean": -0.00325998043330518,
        "sd": 0.004674546579130427
      },
      "beta_catcher": {
        "mean": -3.178052681977478e-05,
        "sd": 0.0292063577754206
      },
      "beta_middle_inf": {
        "mean": -0.004473954405650926,
        "sd": 0.01415941132522441
      },
      "beta_second_year": {
        "mean": 0.010573908519056851,
        "sd": 0.009136800085325846
      },
      "sigma_base": {
        "mean": 0.05351047137812501,
        "sd": 0.0035439981722567727
      },
      "gamma_pa": {
        "mean": -0.127408441030462,
        "sd": 0.06441671485279751
      }
    },
    "standardization": {
      "K_mean": 26.710077519379844,
      "K_sd": 8.984179419343315,
      "BB_mean": 6.24031007751938,
      "BB_sd": 3.2852387587969227,
      "age_mean": 1.3816648891860202,
      "age_sd": 2.262443417109552,
      "log_pa_mean": 4.833549492040172,
      "log_pa_sd": 0.7982409477855512
    }
  },
  "pitcher": {
    "params": {
      "alpha_K_MLB": {
        "mean": 3.8031405422875,
        "sd": 0.432824817805356
      },
      "beta_K_MLB": {
        "mean": -0.06636311102267499,
        "sd": 0.01852771691490162
      },
      "alpha_BB_MLB": {
        "mean": 0.30938563360758753,
        "sd": 0.4331738918599862
      },
      "beta_BB_MLB": {
        "mean": 0.05682155076983625,
        "sd": 0.027364022605322523
      },
      "alpha_K_AAA": {
        "mean": 3.741963716925,
        "sd": 0.46270940333814253
      },
      "beta_K_AAA": {
        "mean": -0.06286441260609713,
        "sd": 0.028083074271145255
      },
      "alpha_BB_AAA": {
        "mean": 0.24901286199306,
        "sd": 0.4592518071997632
      },
      "beta_BB_AAA": {
        "mean": 0.025906242883580247,
        "sd": 0.05240211026533252
      },
      "alpha_K_Other": {
        "mean": 3.7803013173125,
        "sd": 0.45592406421198817
      },
      "beta_K_Other": {
        "mean": -0.04065005481056575,
        "sd": 0.034597378134317375
      },
      "alpha_BB_Other": {
        "mean": 0.28319959464974875,
        "sd": 0.4554739181258316
      },
      "beta_BB_Other": {
        "mean": 0.07015327693540488,
        "sd": 0.05462492839966118
      },
      "alpha_K_mu": {
        "mean": 3.7586875151000005,
        "sd": 0.40689850116152504
      },
      "alpha_K_sigma": {
        "mean": 0.17625615672721648,
        "sd": 0.17072680711430896
      },
      "beta_K_mu": {
        "mean": -0.0559872047464225,
        "sd": 0.021440693857297435
      },
      "beta_K_sigma": {
        "mean": 0.03309606516892112,
        "sd": 0.03128394080791371
      },
      "alpha_BB_mu": {
        "mean": 0.2609090161925518,
        "sd": 0.40587479329517623
      },
      "alpha_BB_sigma": {
        "mean": 0.17490745641716962,
        "sd": 0.1658242059120775
      },
      "beta_BB_mu": {
        "mean": 0.059603974036318376,
        "sd": 0.033755939632407375
      },
      "beta_BB_sigma": {
        "mean": 0.050739530484044816,
        "sd": 0.04721816958005492
      },
      "beta_fip": {
        "mean": -0.13336028786399964,
        "sd": 0.10462982407298417
      },
      "beta_K_BB": {
        "mean": -0.061887612056020065,
        "sd": 0.07709468596416164
      },
      "beta_age": {
        "mean": 0.009733990330434376,
        "sd": 0.0898690142583865
      },
      "beta_reliever": {
        "mean": -0.006465236109640811,
        "sd": 0.17442200089044044
      },
      "beta_second_year": {
        "mean": -0.05040250353708718,
        "sd": 0.1535984809121747
      },
      "sigma_base": {
        "mean": 1.3701301466125,
        "sd": 0.07868402885686017
      },
      "gamma_ip": {
        "mean": 0.14967799683692126,
        "sd": 0.05552529740765209
      }
    },
    "standardization": {
      "fip_mean": 5.222955974842767,
      "fip_sd": 1.4514584092508667,
      "K_mean": 19.187730061349694,
      "K_sd": 4.7223885633314895,
      "BB_mean": 9.690184049079754,
      "BB_sd": 3.513064394302868,
      "age_mean": 1.1443838366023777,
      "age_sd": 2.4950615436501336,
      "log_ip_mean": 3.3894832732719196,
      "log_ip_sd": 0.6043696477917875
    }
  }
}