{
  "version": "v5",
  "generated": "2026-03-08T07:48:07.547562",
  "league_index": {
    "MLB": 1,
    "AAA": 2,
    "Other": 3
  },
  "hitter": {
    "params": {
      "beta_woba_MLB": {
        "mean": -0.00010613241579670001,
        "sd": 0.005981931188137747
      },
      "beta_woba_AAA": {
        "mean": 0.014195796750534263,
        "sd": 0.01426075568145201
      },
      "beta_woba_Other": {
        "mean": 0.00377654290254746,
        "sd": 0.019492224224162462
      },
      "alpha_gate_MLB": {
        "mean": -2.70661618842375,
        "sd": 0.622024978575126
      },
      "alpha_gate_AAA": {
        "mean": -2.65164128445725,
        "sd": 0.776274858777602
      },
      "alpha_gate_Other": {
        "mean": -2.10408662218153,
        "sd": 0.9009575610721432
      },
      "beta_K": {
        "mean": 0.005743388125152231,
        "sd": 0.005315899983899153
      },
      "beta_BB": {
        "mean": -0.0033527671790629537,
        "sd": 0.005587879039072731
      },
      "beta_woba_sq": {
        "mean": 0.005977010504357662,
        "sd": 0.002919555851653211
      },
      "beta_K_BB": {
        "mean": 0.014066081273456762,
        "sd": 0.005894055276411164
      },
      "beta_age": {
        "mean": -0.0023348749932865865,
        "sd": 0.004537008639596123
      },
      "beta_catcher": {
        "mean": 2.6887377602287473e-05,
        "sd": 0.029354692687949647
      },
      "beta_middle_inf": {
        "mean": -0.0004259108787384751,
        "sd": 0.015007082466795892
      },
      "beta_second_year": {
        "mean": 0.010950532322666896,
        "sd": 0.008268930937435344
      },
      "sigma_base": {
        "mean": 0.04360577487,
        "sd": 0.003913595748716386
      },
      "gamma_pa": {
        "mean": -0.08042706035010824,
        "sd": 0.08225012516257682
      },
      "nu": {
        "mean": 24.828834763600003,
        "sd": 14.122799552558133
      },
      "beta_gate_career": {
        "mean": -0.21823406728112252,
        "sd": 0.2617746074982019
      },
      "beta_gate_pa": {
        "mean": -0.20886014948172976,
        "sd": 0.2744789212113212
      },
      "beta_gate_bb": {
        "mean": -0.18451452520111086,
        "sd": 0.25111951258119597
      },
      "beta_gate_team": {
        "mean": 0.5625301413559678,
        "sd": 0.3651444022004907
      },
      "mu_bust": {
        "mean": 0.22841848515375,
        "sd": 0.02865128739302589
      },
      "sigma_bust": {
        "mean": 0.06164412780365,
        "sd": 0.028312401762630383
      }
    },
    "standardization": {
      "woba_mean": 0.2642248062015504,
      "woba_sd": 0.04976662439860884,
      "K_mean": 26.710077519379844,
      "K_sd": 8.984179419343315,
      "BB_mean": 6.24031007751938,
      "BB_sd": 3.2852387587969227,
      "age_mean": 1.3816648891860202,
      "age_sd": 2.262443417109552,
      "log_pa_mean": 4.833549492040172,
      "log_pa_sd": 0.7982409477855512,
      "log_career_pa_mean": 6.273810269417217,
      "log_career_pa_sd": 1.5574724895580303,
      "team_bust_mean": 0.16385873805653142,
      "team_bust_sd": 0.07420656325935933
    }
  },
  "pitcher": {
    "params": {
      "beta_era_MLB": {
        "mean": 0.12398806115640824,
        "sd": 0.14453907078720254
      },
      "beta_era_AAA": {
        "mean": -0.1996347143862135,
        "sd": 0.22147853196220316
      },
      "beta_era_Other": {
        "mean": -0.13159508751598475,
        "sd": 0.4273071788445227
      },
      "alpha_gate_MLB": {
        "mean": -1.827804307773125,
        "sd": 0.5763623956303503
      },
      "alpha_gate_AAA": {
        "mean": -2.1165027809989008,
        "sd": 0.7597490328079695
      },
      "alpha_gate_Other": {
        "mean": -1.4845062824494748,
        "sd": 0.8766512520341116
      },
      "beta_fip": {
        "mean": -0.13483119187916873,
        "sd": 0.14307770142014303
      },
      "beta_K": {
        "mean": -0.1990307171533455,
        "sd": 0.09812630122095876
      },
      "beta_BB": {
        "mean": 0.17488756299803287,
        "sd": 0.10632272673548457
      },
      "beta_era_sq": {
        "mean": 1.0694835901899957e-05,
        "sd": 0.050248080783192886
      },
      "beta_K_BB": {
        "mean": -0.089764352376837,
        "sd": 0.07225374227502149
      },
      "beta_age": {
        "mean": 0.06624991473456075,
        "sd": 0.08107565417409052
      },
      "beta_reliever": {
        "mean": -0.299632197678195,
        "sd": 0.16184507090718575
      },
      "beta_second_year": {
        "mean": -0.10919668977097251,
        "sd": 0.1468898087684129
      },
      "sigma_base": {
        "mean": 0.9449479181312499,
        "sd": 0.09102907482764591
      },
      "gamma_ip": {
        "mean": 0.064647385781423,
        "sd": 0.09118581235839152
      },
      "nu": {
        "mean": 24.5773471631875,
        "sd": 14.702049933467359
      },
      "beta_gate_career": {
        "mean": -0.5542824250020875,
        "sd": 0.2507546320703664
      },
      "beta_gate_ip": {
        "mean": -0.03659154067702425,
        "sd": 0.24934020948129876
      },
      "beta_gate_k": {
        "mean": -0.36209489844313153,
        "sd": 0.2519468837399296
      },
      "beta_gate_team": {
        "mean": 0.49410125182593373,
        "sd": 0.3070176606445183
      },
      "mu_bust": {
        "mean": 5.1553348936750005,
        "sd": 0.5575390283967588
      },
      "sigma_bust": {
        "mean": 1.8232658742612502,
        "sd": 0.3871802777877319
      }
    },
    "standardization": {
      "era_mean": 5.946540880503145,
      "era_sd": 2.163107474547206,
      "fip_mean": 5.222955974842767,
      "fip_sd": 1.4514584092508667,
      "K_mean": 19.221383647798742,
      "K_sd": 4.735326422171176,
      "BB_mean": 9.757861635220127,
      "BB_sd": 3.5226202305998426,
      "age_mean": 1.2011803752921881,
      "age_sd": 2.4685670565090634,
      "log_ip_mean": 3.376337619632769,
      "log_ip_sd": 0.6061433284691448,
      "log_career_ip_mean": 4.688721487903375,
      "log_career_ip_sd": 1.0837785211683724,
      "team_bust_mean": 0.16554391357327708,
      "team_bust_sd": 0.07468569935722642
    }
  }
}