{
  "version": "v4a",
  "generated": "2026-03-08T03:02:44.229316",
  "league_index": {
    "MLB": 1,
    "AAA": 2,
    "Other": 3
  },
  "hitter": {
    "params": {
      "beta_woba_MLB": {
        "mean": -0.000468607160166,
        "sd": 0.006029300427366077
      },
      "beta_woba_AAA": {
        "mean": 0.013034106748907408,
        "sd": 0.01381987341272002
      },
      "beta_woba_Other": {
        "mean": 0.00912641840451975,
        "sd": 0.01361526867096444
      },
      "beta_K": {
        "mean": 0.0056101416130697876,
        "sd": 0.005180826411486058
      },
      "beta_BB": {
        "mean": -0.0016617097778331025,
        "sd": 0.005516554549272202
      },
      "beta_woba_sq": {
        "mean": 0.005644225432367216,
        "sd": 0.0031530460166142677
      },
      "beta_K_BB": {
        "mean": 0.011460521748230788,
        "sd": 0.005348442693416295
      },
      "beta_age": {
        "mean": -0.0017808615581515887,
        "sd": 0.004594882711619042
      },
      "beta_catcher": {
        "mean": -7.6848286236325e-05,
        "sd": 0.03030989395579133
      },
      "beta_middle_inf": {
        "mean": -0.001367669473494825,
        "sd": 0.013824687772058841
      },
      "beta_second_year": {
        "mean": 0.01042970032138845,
        "sd": 0.007973166251956354
      },
      "sigma_base": {
        "mean": 0.04796362735825,
        "sd": 0.0037466266139436826
      },
      "gamma_pa": {
        "mean": -0.11363267119199474,
        "sd": 0.0694376882377221
      },
      "nu": {
        "mean": 22.3857564269375,
        "sd": 13.3803834729502
      }
    },
    "standardization": {
      "woba_mean": 0.2642248062015504,
      "woba_sd": 0.04976662439860884,
      "K_mean": 26.710077519379844,
      "K_sd": 8.984179419343315,
      "BB_mean": 6.24031007751938,
      "BB_sd": 3.2852387587969227,
      "age_mean": 1.3816648891860202,
      "age_sd": 2.262443417109552,
      "log_pa_mean": 4.833549492040172,
      "log_pa_sd": 0.7982409477855512
    }
  },
  "pitcher": {
    "params": {
      "beta_era_MLB": {
        "mean": 0.06729589158253765,
        "sd": 0.13608526483305855
      },
      "beta_era_AAA": {
        "mean": -0.17832689674689373,
        "sd": 0.22248075050283153
      },
      "beta_era_Other": {
        "mean": -0.3447741934120025,
        "sd": 0.4193459633320307
      },
      "beta_fip": {
        "mean": -0.15792598711568862,
        "sd": 0.13094477916935648
      },
      "beta_K": {
        "mean": -0.2714434289816376,
        "sd": 0.09443599318591768
      },
      "beta_BB": {
        "mean": 0.16078327398247885,
        "sd": 0.09877802994021677
      },
      "beta_era_sq": {
        "mean": 0.008268365977921013,
        "sd": 0.049680910088419676
      },
      "beta_K_BB": {
        "mean": -0.08341834047724084,
        "sd": 0.07051820481188309
      },
      "beta_age": {
        "mean": 0.011715223849545875,
        "sd": 0.08263545932963796
      },
      "beta_reliever": {
        "mean": 0.013994292678678999,
        "sd": 0.1488031677102778
      },
      "beta_second_year": {
        "mean": -0.02194524745293788,
        "sd": 0.14288340999505858
      },
      "sigma_base": {
        "mean": 1.1474127311362499,
        "sd": 0.10391030310548499
      },
      "gamma_ip": {
        "mean": 0.12757719575476975,
        "sd": 0.07455578481335844
      },
      "nu": {
        "mean": 12.5969764232875,
        "sd": 8.981836538351732
      }
    },
    "standardization": {
      "era_mean": 5.946540880503145,
      "era_sd": 2.163107474547206,
      "fip_mean": 5.222955974842767,
      "fip_sd": 1.4514584092508667,
      "K_mean": 19.221383647798742,
      "K_sd": 4.735326422171176,
      "BB_mean": 9.757861635220127,
      "BB_sd": 3.5226202305998426,
      "age_mean": 1.2011803752921881,
      "age_sd": 2.4685670565090634,
      "log_ip_mean": 3.376337619632769,
      "log_ip_sd": 0.6061433284691448
    }
  }
}