{
  "v1_baseline": {
    "hitter_mae_v1_baseline": 0.04183129607287172,
    "pitcher_mae_v1_baseline": 1.0457600567109073,
    "hitter_n": 129,
    "pitcher_n": 159
  },
  "loo_hitter": {
    "stat": "wOBA",
    "n": 129,
    "mae_v4a": 0.04121438107286131,
    "mae_baseline": 0.04183129607287172,
    "improvement_pct": 1.4747690316257986,
    "coverage_80": 0.7674418604651163
  },
  "loo_pitcher": {
    "stat": "ERA",
    "n": 159,
    "mae_v4a": 1.0327287259383975,
    "mae_baseline": 1.0457600567109073,
    "improvement_pct": 1.2461109686571494,
    "coverage_80": 0.779874213836478
  }
}