{
  "baseline_mae": 0.03374730088456658,
  "raw_cf_mae": 0.06147131153204488,
  "bayes_mae": 0.06123716991043349,
  "n_test": 38,
  "coverage_80": 0.9210526315789473,
  "coverage_95": 1.0
}