{
  "baseline_mae": 0.7697441998810232,
  "raw_cf_mae": 1.2277256085668944,
  "bayes_mae": 1.2314043736728795,
  "n_test": 41,
  "coverage_80": 0.8780487804878049,
  "coverage_95": 0.926829268292683
}